name	pool	seq	length	%gc	tm (use 65)
1_LEFT	1	ACCAACCAACTTTCGATCTCTTGT	24	41.67	60.69
1_RIGHT	1	CATCTTTAAGATGTTGACGTGCCTC	25	44.00	60.45
2_LEFT	2	CTGTTTTACAGGTTCGCGACGT	22	50.00	61.67
2_RIGHT	2	TAAGGATCAGTGCCAAGCTCGT	22	50.00	61.74
3_LEFT	1	CGGTAATAAAGGAGCTGGTGGC	22	54.55	61.32
3_RIGHT	1	AAGGTGTCTGCAATTCATAGCTCT	24	41.67	60.32
4_LEFT	2	GGTGTATACTGCTGCCGTGAAC	22	54.55	61.56
4_RIGHT	2	CACAAGTAGTGGCACCTTCTTTAGT	25	44.00	60.97
5_LEFT	1	TGGTGAAACTTCATGGCAGACG	22	50.00	61.39
5_RIGHT	1	ATTGATGTTGACTTTCTCTTTTTGGAGT	28	32.14	60.17
6_LEFT	2	GGTGTTGTTGGAGAAGGTTCCG	22	54.55	61.64
6_RIGHT	2	TAGCGGCCTTCTGTAAAACACG	22	50.00	61.18
7_LEFT	1	ATCAGAGGCTGCTCGTGTTGTA	22	50.00	61.73
7_LEFT_alt0	1	CATTTGCATCAGAGGCTGCTCG	22	54.55	62.44
7_RIGHT	1	TGCACAGGTGACAATTTGTCCA	22	45.45	60.95
7_RIGHT_alt5	1	AGGTGACAATTTGTCCACCGAC	22	50.00	61.07
8_LEFT	2	AGAGTTTCTTAGAGACGGTTGGGA	24	45.83	61.00
8_RIGHT	2	GCTTCAACAGCTTCACTAGTAGGT	24	45.83	60.56
9_LEFT	1	TCCCACAGAAGTGTTAACAGAGGA	24	45.83	61.18
9_LEFT_alt4	1	TTCCCACAGAAGTGTTAACAGAGG	24	45.83	60.44
9_RIGHT	1	ATGACAGCATCTGCCACAACAC	22	50.00	61.71
9_RIGHT_alt2	1	GACAGCATCTGCCACAACACAG	22	54.55	62.26
10_LEFT	2	TGAGAAGTGCTCTGCCTATACAGT	24	45.83	61.12
10_RIGHT	2	TCATCTAACCAATCTTCTTCTTGCTCT	27	37.04	60.31
11_LEFT	1	GGAATTTGGTGCCACTTCTGCT	22	50.00	61.66
11_RIGHT	1	TCATCAGATTCAACTTGCATGGCA	24	41.67	61.35
12_LEFT	2	AAACATGGAGGAGGTGTTGCAG	22	50.00	61.08
12_RIGHT	2	TTCACTCTTCATTTCCAAAAAGCTTGA	27	33.33	60.36
13_LEFT	1	TCGCACAAATGTCTACTTAGCTGT	24	41.67	60.56
13_RIGHT	1	ACCACAGCAGTTAAAACACCCT	22	45.45	60.36
14_LEFT	2	CATCCAGATTCTGCCACTCTTGT	23	47.83	60.62
14_LEFT_alt4	2	TGGCAATCTTCATCCAGATTCTGC	24	45.83	61.47
14_RIGHT	2	AGTTTCCACACAGACAGGCATT	22	45.45	60.42
14_RIGHT_alt2	2	TGCGTGTTTCTTCTGCATGTGC	22	50.00	62.76
15_LEFT	1	ACAGTGCTTAAAAAGTGTAAAAGTGCC	27	37.04	61.32
15_LEFT_alt1	1	AGTGCTTAAAAAGTGTAAAAGTGCCT	26	34.62	60.13
15_RIGHT	1	AACAGAAACTGTAGCTGGCACT	22	45.45	60.16
15_RIGHT_alt3	1	ACTGTAGCTGGCACTTTGAGAGA	23	47.83	61.57
16_LEFT	2	AATTTGGAAGAAGCTGCTCGGT	22	45.45	60.82
16_RIGHT	2	CACAACTTGCGTGTGGAGGTTA	22	50.00	61.32
17_LEFT	1	CTTCTTTCTTTGAGAGAAGTGAGGACT	27	40.74	60.69
17_RIGHT	1	TTTGTTGGAGTGTTAACAATGCAGT	25	36.00	60.11
18_LEFT	2	TGGAAATACCCACAAGTTAATGGTTTAAC	29	34.48	60.69
18_LEFT_alt2	2	ACTTCTATTAAATGGGCAGATAACAACTGT	30	33.33	61.38
18_RIGHT	2	AGCTTGTTTACCACACGTACAAGG	24	45.83	61.51
18_RIGHT_alt1	2	GCTTGTTTACCACACGTACAAGG	23	47.83	60.30
19_LEFT	1	GCTGTTATGTACATGGGCACACT	23	47.83	61.18
19_RIGHT	1	TGTCCAACTTAGGGTCAATTTCTGT	25	40.00	60.40
20_LEFT	2	ACAAAGAAAACAGTTACACAACAACCA	27	33.33	60.68
20_RIGHT	2	ACGTGGCTTTATTAGTTGCATTGTT	25	36.00	60.28
21_LEFT	1	TGGCTATTGATTATAAACACTACACACCC	29	37.93	61.49
21_LEFT_alt2	1	GGCTATTGATTATAAACACTACACACCCT	29	37.93	61.29
21_RIGHT	1	TAGATCTGTGTGGCCAACCTCT	22	50.00	60.83
21_RIGHT_alt0	1	GATCTGTGTGGCCAACCTCTTC	22	54.55	61.20
22_LEFT	2	ACTACCGAAGTTGTAGGAGACATTATACT	29	37.93	61.25
22_RIGHT	2	ACAGTATTCTTTGCTATAGTAGTCGGC	27	40.74	60.73
23_LEFT	1	ACAACTACTAACATAGTTACACGGTGT	27	37.04	60.26
23_RIGHT	1	ACCAGTACAGTAGGTTGCAATAGTG	25	44.00	60.57
24_LEFT	2	AGGCATGCCTTCTTACTGTACTG	23	47.83	60.37
24_RIGHT	2	ACATTCTAACCATAGCTGAAATCGGG	26	42.31	61.19
25_LEFT	1	GCAATTGTTTTTCAGCTATTTTGCAGT	27	33.33	60.73
25_RIGHT	1	ACTGTAGTGACAAGTCTCTCGCA	23	47.83	61.30
26_LEFT	2	TTGTGATACATTCTGTGCTGGTAGT	25	40.00	60.28
26_RIGHT	2	TCCGCACTATCACCAACATCAG	22	50.00	60.42
27_LEFT	1	ACTACAGTCAGCTTATGTGTCAACC	25	44.00	60.80
27_RIGHT	1	AATACAAGCACCAAGGTCACGG	22	50.00	61.13
28_LEFT	2	ACATAGAAGTTACTGGCGATAGTTGT	26	38.46	60.13
28_RIGHT	2	TGTTTAGACATGACATGAACAGGTGT	26	38.46	60.91
29_LEFT	1	ACTTGTGTTCCTTTTTGTTGCTGC	24	41.67	61.39
29_RIGHT	1	AGTGTACTCTATAAGTTTTGATGGTGTGT	29	34.48	60.69
30_LEFT	2	GCACAACTAATGGTGACTTTTTGCA	25	40.00	61.19
30_RIGHT	2	ACCACTAGTAGATACACAAACACCAG	26	42.31	60.30
31_LEFT	1	TTCTGAGTACTGTAGGCACGGC	22	54.55	62.03
31_RIGHT	1	ACAGAATAAACACCAGGTAAGAATGAGT	28	35.71	60.69
32_LEFT	2	TGGTGAATACAGTCATGTAGTTGCC	25	44.00	61.09
32_RIGHT	2	AGCACATCACTACGCAACTTTAGA	24	41.67	60.56
33_LEFT	1	ACTTTTGAAGAAGCTGCGCTGT	22	45.45	61.58
33_RIGHT	1	TGGACAGTAAACTACGTCATCAAGC	25	44.00	61.08
34_LEFT	2	TCCCATCTGGTAAAGTTGAGGGT	23	47.83	61.02
34_RIGHT	2	AGTGAAATTGGGCCTCATAGCA	22	45.45	60.03
35_LEFT	1	TGTTCGCATTCAACCAGGACAG	22	50.00	61.39
35_RIGHT	1	ACTTCATAGCCACAAGGTTAAAGTCA	26	38.46	60.69
36_LEFT	2	TTAGCTTGGTTGTACGCTGCTG	22	50.00	61.44
36_RIGHT	2	GAACAAAGACCATTGAGTACTCTGGA	26	42.31	60.74
37_LEFT	1	ACACACCACTGGTTGTTACTCAC	23	47.83	60.93
37_RIGHT	1	GTCCACACTCTCCTAGCACCAT	22	54.55	61.48
38_LEFT	2	ACTGTGTTATGTATGCATCAGCTGT	25	40.00	60.86
38_RIGHT	2	CACCAAGAGTCAGTCTAAAGTAGCG	25	48.00	61.13
39_LEFT	1	AGTATTGCCCTATTTTCTTCATAACTGGT	29	34.48	61.00
39_RIGHT	1	TGTAACTGGACACATTGAGCCC	22	50.00	60.55
40_LEFT	2	TGCACATCAGTAGTCTTACTCTCAGT	26	42.31	61.25
40_RIGHT	2	CATGGCTGCATCACGGTCAAAT	22	50.00	62.09
41_LEFT	1	GTTCCCTTCCATCATATGCAGCT	23	47.83	60.75
41_RIGHT	1	TGGTATGACAACCATTAGTTTGGCT	25	40.00	60.75
42_LEFT	2	TGCAAGAGATGGTTGTGTTCCC	22	50.00	61.08
42_RIGHT	2	CCTACCTCCCTTTGTTGTGTTGT	23	47.83	60.69
43_LEFT	1	TACGACAGATGTCTTGTGCTGC	22	50.00	60.93
43_RIGHT	1	AGCAGCATCTACAGCAAAAGCA	22	45.45	61.14
44_LEFT	2	TGCCACAGTACGTCTACAAGCT	22	50.00	61.66
44_LEFT_alt3	2	CCACAGTACGTCTACAAGCTGG	22	54.55	60.67
44_RIGHT	2	AACCTTTCCACATACCGCAGAC	22	50.00	60.87
44_RIGHT_alt0	2	CGCAGACGGTACAGACTGTGTT	22	54.55	62.77
45_LEFT	1	TACCTACAACTTGTGCTAATGACCC	25	44.00	60.57
45_LEFT_alt2	1	AGTATGTACAAATACCTACAACTTGTGCT	29	34.48	60.94
45_RIGHT	1	AAATTGTTTCTTCATGTTGGTAGTTAGAGA	30	30.00	60.01
45_RIGHT_alt7	1	TTCATGTTGGTAGTTAGAGAAAGTGTGTC	29	37.93	61.53
46_LEFT	2	TGTCGCTTCCAAGAAAAGGACG	22	50.00	61.38
46_LEFT_alt1	2	CGCTTCCAAGAAAAGGACGAAGA	23	47.83	61.35
46_RIGHT	2	CACGTTCACCTAAGTTGGCGTA	22	50.00	60.86
46_RIGHT_alt2	2	CACGTTCACCTAAGTTGGCGTAT	23	47.83	61.17
47_LEFT	1	AGGACTGGTATGATTTTGTAGAAAACCC	28	39.29	61.42
47_RIGHT	1	AATAACGGTCAAAGAGTTTTAACCTCTC	28	35.71	60.06
48_LEFT	2	TGTTGACACTGACTTAACAAAGCCT	25	40.00	61.09
48_RIGHT	2	TAGATTACCAGAAGCAGCGTGC	22	50.00	60.74
49_LEFT	1	AGGAATTACTTGTGTATGCTGCTGA	25	40.00	60.57
49_RIGHT	1	TGACGATGACTTGGTTAGCATTAATACA	28	35.71	61.05
50_LEFT	2	GTTGATAAGTACTTTGATTGTTACGATGGT	30	33.33	60.59
50_RIGHT	2	TAACATGTTGTGCCAACCACCA	22	45.45	60.95
51_LEFT	1	TCAATAGCCGCCACTAGAGGAG	22	54.55	61.34
51_RIGHT	1	AGTGCATTAACATTGGCCGTGA	22	45.45	61.14
52_LEFT	2	CATCAGGAGATGCCACAACTGC	22	54.55	61.83
52_RIGHT	2	GTTGAGAGCAAAATTCATGAGGTCC	25	44.00	60.62
53_LEFT	1	AGCAAAATGTTGGACTGAGACTGA	24	41.67	60.69
53_RIGHT	1	AGCCTCATAAAACTCAGGTTCCC	23	47.83	60.31
54_LEFT	2	TGAGTTAACAGGACACATGTTAGACA	26	38.46	60.18
54_RIGHT	2	AACCAAAAACTTGTCCATTAGCACA	25	36.00	60.11
55_LEFT	1	ACTCAACTTTACTTAGGAGGTATGAGCT	28	39.29	61.43
55_RIGHT	1	GGTGTACTCTCCTATTTGTACTTTACTGT	29	37.93	60.54
56_LEFT	2	ACCTAGACCACCACTTAACCGA	22	50.00	60.49
56_RIGHT	2	ACACTATGCGAGCAGAAGGGTA	22	50.00	61.21
57_LEFT	1	ATTCTACACTCCAGGGACCACC	22	54.55	61.16
57_RIGHT	1	GTAATTGAGCAGGGTCGCCAAT	22	50.00	61.26
58_LEFT	2	TGATTTGAGTGTTGTCAATGCCAGA	25	40.00	61.44
58_RIGHT	2	CTTTTCTCCAAGCAGGGTTACGT	23	47.83	61.06
59_LEFT	1	TCACGCATGATGTTTCATCTGCA	23	43.48	61.42
59_RIGHT	1	AAGAGTCCTGTTACATTTTCAGCTTG	26	38.46	60.02
60_LEFT	2	TGATAGAGACCTTTATGACAAGTTGCA	27	37.04	60.53
60_RIGHT	2	GGTACCAACAGCTTCTCTAGTAGC	24	50.00	60.44
61_LEFT	1	TGTTTATCACCCGCGAAGAAGC	22	50.00	61.50
61_RIGHT	1	ATCACATAGACAACAGGTGCGC	22	50.00	61.25
62_LEFT	2	GGCACATGGCTTTGAGTTGACA	22	50.00	61.91
62_RIGHT	2	GTTGAACCTTTCTACAAGCCGC	22	50.00	60.35
63_LEFT	1	TGTTAAGCGTGTTGACTGGACT	22	45.45	60.16
63_RIGHT	1	ACAAACTGCCACCATCACAACC	22	50.00	61.85
64_LEFT	2	TCGATAGATATCCTGCTAATTCCATTGT	28	35.71	60.11
64_RIGHT	2	AGTCTTGTAAAAGTGTTCCAGAGGT	25	40.00	60.10
65_LEFT	1	GCTGGCTTTAGCTTGTGGGTTT	22	50.00	61.92
65_RIGHT	1	TGTCAGTCATAGAACAAACACCAATAGT	28	35.71	60.90
66_LEFT	2	GGGTGTGGACATTGCTGCTAAT	22	50.00	61.21
66_RIGHT	2	TCAATTTCCATTTGACTCCTGGGT	24	41.67	60.45
67_LEFT	1	GTTGTCCAACAATTACCTGAAACTTACT	28	35.71	60.43
67_RIGHT	1	CAACCTTAGAAACTACAGATAAATCTTGGG	30	36.67	60.40
68_LEFT	2	ACAGGTTCATCTAAGTGTGTGTGT	24	41.67	60.14
68_RIGHT	2	CTCCTTTATCAGAACCAGCACCA	23	47.83	60.31
69_LEFT	1	TGTCGCAAAATATACTCAACTGTGTCA	27	37.04	61.43
69_RIGHT	1	TCTTTATAGCCACGGAACCTCCA	23	47.83	61.14
70_LEFT	2	ACAAAAGAAAATGACTCTAAAGAGGGTTT	29	31.03	60.13
70_RIGHT	2	TGACCTTCTTTTAAAGACATAACAGCAG	28	35.71	60.27
71_LEFT	1	ACAAATCCAATTCAGTTGTCTTCCTATTC	29	34.48	60.54
71_RIGHT	1	TGGAAAAGAAAGGTAAGAACAAGTCCT	27	37.04	60.80
72_LEFT	2	ACACGTGGTGTTTATTACCCTGAC	24	45.83	61.04
72_RIGHT	2	ACTCTGAACTCACTTTCCATCCAAC	25	44.00	60.97
73_LEFT	1	CAATTTTGTAATGATCCATTTTTGGGTGT	29	31.03	60.29
73_RIGHT	1	CACCAGCTGTCCAACCTGAAGA	22	54.55	62.45
74_LEFT	2	ACATCACTAGGTTTCAAACTTTACTTGC	28	35.71	60.68
74_RIGHT	2	GCAACACAGTTGCTGATTCTCTTC	24	45.83	60.85
75_LEFT	1	AGAGTCCAACCAACAGAATCTATTGT	26	38.46	60.24
75_RIGHT	1	ACCACCAACCTTAGAATCAAGATTGT	26	38.46	60.69
76_LEFT	2	AGGGCAAACTGGAAAGATTGCT	22	45.45	60.76
76_LEFT_alt3	2	GGGCAAACTGGAAAGATTGCTGA	23	47.83	61.87
76_RIGHT	2	ACACCTGTGCCTGTTAAACCAT	22	45.45	60.42
76_RIGHT_alt0	2	ACCTGTGCCTGTTAAACCATTGA	23	43.48	60.69
77_LEFT	1	CCAGCAACTGTTTGTGGACCTA	22	50.00	60.75
77_RIGHT	1	CAGCCCCTATTAAACAGCCTGC	22	54.55	61.59
78_LEFT	2	CAACTTACTCCTACTTGGCGTGT	23	47.83	60.55
78_RIGHT	2	TGTGTACAAAAACTGCCATATTGCA	25	36.00	60.22
79_LEFT	1	GTGGTGATTCAACTGAATGCAGC	23	47.83	60.92
79_RIGHT	1	CATTTCATCTGTGAGCAAAGGTGG	24	45.83	60.62
80_LEFT	2	TTGCCTTGGTGATATTGCTGCT	22	45.45	60.89
80_RIGHT	2	TGGAGCTAAGTTGTTTAACAAGCG	24	41.67	60.02
81_LEFT	1	GCACTTGGAAAACTTCAAGATGTGG	25	44.00	61.24
81_RIGHT	1	GTGAAGTTCTTTTCTTGTGCAGGG	24	45.83	60.73
82_LEFT	2	GGGCTATCATCTTATGTCCTTCCCT	25	48.00	61.52
82_RIGHT	2	TGCCAGAGATGTCACCTAAATCAA	24	41.67	60.02
83_LEFT	1	TCCTTTGCAACCTGAATTAGACTCA	25	40.00	60.46
83_RIGHT	1	TTTGACTCCTTTGAGCACTGGC	22	50.00	61.33
84_LEFT	2	TGCTGTAGTTGTCTCAAGGGCT	22	50.00	61.61
84_RIGHT	2	AGGTGTGAGTAAACTGTTACAAACAAC	27	37.04	60.36
85_LEFT	1	ACTAGCACTCTCCAAGGGTGTT	22	50.00	61.03
85_RIGHT	1	ACACAGTCTTTTACTCCAGATTCCC	25	44.00	60.51
86_LEFT	2	TCAGGTGATGGCACAACAAGTC	22	50.00	61.07
86_RIGHT	2	ACGAAAGCAAGAAAAAGAAGTACGC	25	40.00	61.01
87_LEFT	1	CGACTACTAGCGTGCCTTTGTA	22	50.00	60.16
87_RIGHT	1	ACTAGGTTCCATTGTTCAAGGAGC	24	45.83	60.81
88_LEFT	2	CCATGGCAGATTCCAACGGTAC	22	54.55	61.58
88_RIGHT	2	TGGTCAGAATAGTGCCATGGAGT	23	47.83	61.40
89_LEFT	1	GTACGCGTTCCATGTGGTCATT	22	50.00	61.50
89_LEFT_alt2	1	CGCGTTCCATGTGGTCATTCAA	22	50.00	62.01
89_RIGHT	1	ACCTGAAAGTCAACGAGATGAAACA	25	40.00	60.91
89_RIGHT_alt4	1	ACGAGATGAAACATCTGTTGTCACT	25	40.00	60.74
90_LEFT	2	ACACAGACCATTCCAGTAGCAGT	23	47.83	61.58
90_RIGHT	2	TGAAATGGTGAATTGCCCTCGT	22	45.45	60.82
91_LEFT	1	TCACTACCAAGAGTGTGTTAGAGGT	25	44.00	60.93
91_RIGHT	1	TTCAAGTGAGAACCAAAAGATAATAAGCA	29	31.03	60.03
92_LEFT	2	TTTGTGCTTTTTAGCCTTTCTGCT	24	37.50	60.14
92_RIGHT	2	AGGTTCCTGGCAATTAATTGTAAAAGG	27	37.04	60.53
93_LEFT	1	TGAGGCTGGTTCTAAATCACCCA	23	47.83	61.59
93_RIGHT	1	AGGTCTTCCTTGCCATGTTGAG	22	50.00	60.55
94_LEFT	2	GGCCCCAAGGTTTACCCAATAA	22	50.00	60.56
94_RIGHT	2	TTTGGCAATGTTGTTCCTTGAGG	23	43.48	60.18
95_LEFT	1	TGAGGGAGCCTTGAATACACCA	22	50.00	61.10
95_RIGHT	1	CAGTACGTTTTTGCCGAGGCTT	22	50.00	61.95
96_LEFT	2	GCCAACAACAACAAGGCCAAAC	22	50.00	61.82
96_RIGHT	2	TAGGCTCTGTTGGTGGGAATGT	22	50.00	61.36
97_LEFT	1	TGGATGACAAAGATCCAAATTTCAAAGA	28	32.14	60.22
97_RIGHT	1	ACACACTGATTAAAGATTGCTATGTGAG	28	35.71	60.17
98_LEFT	2	AACAATTGCAACAATCCATGAGCA	24	37.50	60.50
98_RIGHT	2	TTCTCCTAAGAAGCTATTAAAATCACATGG	30	33.33	60.01
